{
  "data" : [
    {
      "id" : "function-fetchAtividades",
      "type" : "function",
      "name" : "fetchAtividades",
      "requirements" : [
        {
          "name" : "intervalo",
          "negative" : false
        }
      ]
    },
    {
      "id" : "function-fetchFaltas",
      "type" : "function",
      "name" : "fetchFaltas",
      "requirements" : [
        {
          "name" : "disciplina",
          "negative" : false
        },
        {
          "name" : "intervalo",
          "negative" : false
        }
      ]
    },
    {
      "id" : "function-fetchNotas",
      "type" : "function",
      "name" : "fetchNotas",
      "requirements" : [
        {
          "name" : "disciplina",
          "negative" : false
        }
      ]
    },
    {
      "id" : "template-Sua nota em {disciplina} é {nota}",
      "type" : "template",
      "template" : "Sua nota em {disciplina} é {nota}",
      "requirements" : [
        {
          "name" : "disciplina",
          "negative" : false
        },
        {
          "name" : "nota",
          "negative" : false
        }
      ]
    },
    {
      "id" : "template-Sua nota é {nota}",
      "type" : "template",
      "template" : "Sua nota é {nota}",
      "requirements" : [
        {
          "name" : "nota",
          "negative" : false
        }
      ]
    },
    {
      "id" : "template-Você possui essas atividades para entregar {intervalo}: {atividades}",
      "type" : "template",
      "template" : "Você possui essas atividades para entregar {intervalo}: {atividades}",
      "requirements" : [
        {
          "name" : "atividades",
          "negative" : false
        },
        {
          "name" : "intervalo",
          "negative" : false
        }
      ]
    },
    {
      "id" : "template-Você possui {faltas} faltas em {disciplina} no período de {intervalo}",
      "type" : "template",
      "template" : "Você possui {faltas} faltas em {disciplina} no período de {intervalo}",
      "requirements" : [
        {
          "name" : "disciplina",
          "negative" : false
        },
        {
          "name" : "faltas",
          "negative" : false
        },
        {
          "name" : "intervalo",
          "negative" : false
        }
      ]
    },
    {
      "id" : "template-Você possui {faltas} na disciplina de {disciplina} no período de {intervalo}",
      "type" : "template",
      "template" : "Você possui {faltas} na disciplina de {disciplina} no período de {intervalo}",
      "requirements" : [
        {
          "name" : "disciplina",
          "negative" : false
        },
        {
          "name" : "faltas",
          "negative" : false
        },
        {
          "name" : "intervalo",
          "negative" : false
        }
      ]
    }
  ]
}