{
  "data" : [
    {
      "text" : "Faltei quantas vezes na última semana em Empreendedorismo",
      "entities" : [
        {
          "entity" : "intent",
          "value" : "\"getFaltas\""
        },
        {
          "entity" : "intervalo",
          "value" : "\"última semana\"",
          "start" : 24,
          "end" : 37
        },
        {
          "entity" : "disciplina",
          "value" : "\"Empreendedorismo\"",
          "start" : 41,
          "end" : 57
        }
      ]
    },
    {
      "text" : "Minha nota em Cultura e Sociedade",
      "entities" : [
        {
          "entity" : "intent",
          "value" : "\"getNotas\""
        },
        {
          "entity" : "disciplina",
          "value" : "\"Cultura e Sociedade\"",
          "start" : 14,
          "end" : 33
        }
      ]
    },
    {
      "text" : "Minhas faltas em Empreendedorismo e Marketing no último ano",
      "entities" : [
        {
          "entity" : "intent",
          "value" : "\"getFaltas\""
        },
        {
          "entity" : "disciplina",
          "value" : "\"Empreendedorismo e Marketing\"",
          "start" : 17,
          "end" : 45
        },
        {
          "entity" : "intervalo",
          "value" : "\"último ano\"",
          "start" : 49,
          "end" : 59
        }
      ]
    },
    {
      "text" : "Minhas faltas em Projeto Integrador no último mÊs",
      "entities" : [
        {
          "entity" : "intent",
          "value" : "\"getFaltas\""
        },
        {
          "entity" : "disciplina",
          "value" : "\"Projeto Integrador\"",
          "start" : 17,
          "end" : 35
        },
        {
          "entity" : "intervalo",
          "value" : "\"último mÊs\"",
          "start" : 39,
          "end" : 49
        }
      ]
    },
    {
      "text" : "Minhas faltas em Projeto Integrador nos últimos 3 meses",
      "entities" : [
        {
          "entity" : "intent",
          "value" : "\"getFaltas\""
        },
        {
          "entity" : "disciplina",
          "value" : "\"Projeto Integrador\"",
          "start" : 17,
          "end" : 35
        },
        {
          "entity" : "intervalo",
          "value" : "\"últimos 3 meses\"",
          "start" : 40,
          "end" : 55
        }
      ]
    },
    {
      "text" : "Quais as atividades para entregar amanhã?",
      "entities" : [
        {
          "entity" : "intent",
          "value" : "\"getAtividades\""
        },
        {
          "entity" : "intervalo",
          "value" : "\"amanhã\"",
          "start" : 34,
          "end" : 40
        }
      ]
    },
    {
      "text" : "Quais as minha faltas no ultimo mês em Projeto Integrador",
      "entities" : [
        {
          "entity" : "intent",
          "value" : "\"getNotas\""
        },
        {
          "entity" : "intervalo",
          "value" : "\"mês\"",
          "start" : 32,
          "end" : 35
        },
        {
          "entity" : "disciplina",
          "value" : "\"Projeto Integrador\"",
          "start" : 39,
          "end" : 57
        }
      ]
    },
    {
      "text" : "Quais atividades para entregar amanhã?",
      "entities" : [
        {
          "entity" : "intent",
          "value" : "\"getAtividades\""
        },
        {
          "entity" : "intervalo",
          "value" : "\"amanhã\"",
          "start" : 31,
          "end" : 37
        }
      ]
    },
    {
      "text" : "Quais atividades pra entregar essa semana",
      "entities" : [
        {
          "entity" : "intent",
          "value" : "\"getAtividades\""
        },
        {
          "entity" : "intervalo",
          "value" : "\"semana\"",
          "start" : 35,
          "end" : 41
        }
      ]
    },
    {
      "text" : "Quais atividades pra entregar esse mês",
      "entities" : [
        {
          "entity" : "intent",
          "value" : "\"getAtividades\""
        },
        {
          "entity" : "intervalo",
          "value" : "\"mês\"",
          "start" : 35,
          "end" : 38
        }
      ]
    },
    {
      "text" : "Quais atividades tenho para entregar amanhã?",
      "entities" : [
        {
          "entity" : "intent",
          "value" : "\"getAtividades\""
        },
        {
          "entity" : "intervalo",
          "value" : "\"amanhã\"",
          "start" : 37,
          "end" : 43
        }
      ]
    },
    {
      "text" : "Quais atividades tenho pra entregar amanhã?",
      "entities" : [
        {
          "entity" : "intent",
          "value" : "\"getAtividades\""
        },
        {
          "entity" : "intervalo",
          "value" : "\"amanhã\"",
          "start" : 36,
          "end" : 42
        }
      ]
    },
    {
      "text" : "Quais atividades tenho pra entregar hoje?",
      "entities" : [
        {
          "entity" : "intent",
          "value" : "\"getAtividades\""
        },
        {
          "entity" : "intervalo",
          "value" : "\"hoje\"",
          "start" : 36,
          "end" : 40
        }
      ]
    },
    {
      "text" : "Qual a minha nota de Análise e Desenvolvimento",
      "entities" : [
        {
          "entity" : "intent",
          "value" : "\"getNotas\""
        },
        {
          "entity" : "disciplina",
          "value" : "\"Análise e Desenvolvimento\"",
          "start" : 21,
          "end" : 46
        }
      ]
    },
    {
      "text" : "Qual a minha nota de Projeto Integrador?",
      "entities" : [
        {
          "entity" : "intent",
          "value" : "\"getNotas\""
        },
        {
          "entity" : "disciplina",
          "value" : "\"Projeto Integrador\"",
          "start" : 21,
          "end" : 39
        }
      ]
    },
    {
      "text" : "Qual a minha nota em Analise e Desenvolvimento?",
      "entities" : [
        {
          "entity" : "intent",
          "value" : "\"getNotas\""
        },
        {
          "entity" : "disciplina",
          "value" : "\"Análise e Desenvolvimento\"",
          "start" : 21,
          "end" : 46
        }
      ]
    },
    {
      "text" : "Qual a minha nota em Marketing",
      "entities" : [
        {
          "entity" : "intent",
          "value" : "\"getNotas\""
        },
        {
          "entity" : "disciplina",
          "value" : "\"Marketing\"",
          "start" : 21,
          "end" : 30
        }
      ]
    },
    {
      "text" : "Qual a minha nota em Projeto Integrador",
      "entities" : [
        {
          "entity" : "intent",
          "value" : "\"getNotas\""
        },
        {
          "entity" : "disciplina",
          "value" : "\"Projeto Integrador\"",
          "start" : 21,
          "end" : 39
        }
      ]
    },
    {
      "text" : "Qual a minha nota em Projeto Integrador?",
      "entities" : [
        {
          "entity" : "intent",
          "value" : "\"getNotas\""
        },
        {
          "entity" : "disciplina",
          "value" : "\"Projeto Integrador\"",
          "start" : 21,
          "end" : 39
        }
      ]
    },
    {
      "text" : "Qual a minha nota em Projeto Integrdor?",
      "entities" : [
        {
          "entity" : "intent",
          "value" : "\"getNotas\""
        },
        {
          "entity" : "disciplina",
          "value" : "\"Projeto Integrador\"",
          "start" : 21,
          "end" : 38
        }
      ]
    },
    {
      "text" : "Qual a nota em Projeto Integrador",
      "entities" : [
        {
          "entity" : "intent",
          "value" : "\"getNotas\""
        },
        {
          "entity" : "disciplina",
          "value" : "\"Projeto Integrador\"",
          "start" : 15,
          "end" : 33
        }
      ]
    },
    {
      "text" : "Qual a quantidade de faltas em todas as disciplinas nos ultimos 20 dias",
      "entities" : [
        {
          "entity" : "intent",
          "value" : "\"getFaltas\""
        },
        {
          "entity" : "disciplina",
          "value" : "\"todas as disciplinas\"",
          "start" : 31,
          "end" : 51
        },
        {
          "entity" : "intervalo",
          "value" : "\"20 dias\"",
          "start" : 64,
          "end" : 71
        }
      ]
    },
    {
      "text" : "Quantas a minha nota em Projeto Integrador",
      "entities" : [
        {
          "entity" : "intent",
          "value" : "\"getNotas\""
        },
        {
          "entity" : "disciplina",
          "value" : "\"Projeto Integrador\"",
          "start" : 24,
          "end" : 42
        }
      ]
    },
    {
      "text" : "Quantas faltas tenho em todas as disciplinas nos ultimos 15 dias",
      "entities" : [
        {
          "entity" : "intent",
          "value" : "\"getFaltas\""
        },
        {
          "entity" : "disciplina",
          "value" : "\"todas as disciplinas\"",
          "start" : 24,
          "end" : 44
        },
        {
          "entity" : "intervalo",
          "value" : "\"15 dias\"",
          "start" : 57,
          "end" : 64
        }
      ]
    },
    {
      "text" : "Quantas faltas tenho esse mês em Projeto Integrador?",
      "entities" : [
        {
          "entity" : "intent",
          "value" : "\"getFaltas\""
        },
        {
          "entity" : "intervalo",
          "value" : "\"mês\"",
          "start" : 26,
          "end" : 29
        },
        {
          "entity" : "disciplina",
          "value" : "\"Projeto Integrador\"",
          "start" : 33,
          "end" : 51
        }
      ]
    },
    {
      "text" : "Quantas faltas tenho nos ultimo mês em Projeto Integrador?",
      "entities" : [
        {
          "entity" : "intent",
          "value" : "\"getFaltas\""
        },
        {
          "entity" : "intervalo",
          "value" : "\"ultimo mês\"",
          "start" : 25,
          "end" : 35
        },
        {
          "entity" : "disciplina",
          "value" : "\"Projeto Integrador\"",
          "start" : 39,
          "end" : 57
        }
      ]
    },
    {
      "text" : "Quantas faltas tenho nos ultimos 15 dias em Projeto Integrador",
      "entities" : [
        {
          "entity" : "intent",
          "value" : "\"getFaltas\""
        },
        {
          "entity" : "intervalo",
          "value" : "\"15 dias\"",
          "start" : 33,
          "end" : 40
        },
        {
          "entity" : "disciplina",
          "value" : "\"Projeto Integrador\"",
          "start" : 44,
          "end" : 62
        }
      ]
    },
    {
      "text" : "Queria saber a minha nota em Análise e desenvolvimento",
      "entities" : [
        {
          "entity" : "intent",
          "value" : "\"getNotas\""
        },
        {
          "entity" : "disciplina",
          "value" : "\"Análise e Desenvolvimento\"",
          "start" : 29,
          "end" : 54
        }
      ]
    },
    {
      "text" : "Quero saber a minha nota de Análise e desenvolvimento",
      "entities" : [
        {
          "entity" : "intent",
          "value" : "\"getNotas\""
        },
        {
          "entity" : "disciplina",
          "value" : "\"Análise e Desenvolvimento\"",
          "start" : 28,
          "end" : 53
        }
      ]
    },
    {
      "text" : "Quero saber a minha nota de Projeto Integrador",
      "entities" : [
        {
          "entity" : "intent",
          "value" : "\"getNotas\""
        },
        {
          "entity" : "disciplina",
          "value" : "\"Projeto Integrador\"",
          "start" : 28,
          "end" : 46
        }
      ]
    },
    {
      "text" : "Quero saber a minha nota em Empreendedorismo",
      "entities" : [
        {
          "entity" : "intent",
          "value" : "\"getNotas\""
        },
        {
          "entity" : "disciplina",
          "value" : "\"Empreendedorismo\"",
          "start" : 28,
          "end" : 44
        }
      ]
    },
    {
      "text" : "Quero saber a minha nota em Empreendedorismo e Marketing",
      "entities" : [
        {
          "entity" : "intent",
          "value" : "\"getNotas\""
        },
        {
          "entity" : "disciplina",
          "value" : "\"Empreendedorismo e Marketing\"",
          "start" : 28,
          "end" : 56
        }
      ]
    },
    {
      "text" : "Quero saber a minha nota em Projeto Integrador",
      "entities" : [
        {
          "entity" : "intent",
          "value" : "\"getNotas\""
        },
        {
          "entity" : "disciplina",
          "value" : "\"Projeto Integrador\"",
          "start" : 28,
          "end" : 46
        }
      ]
    },
    {
      "text" : "Quero saber a minha nota em Projeto Integrador.",
      "entities" : [
        {
          "entity" : "intent",
          "value" : "\"getNotas\""
        },
        {
          "entity" : "disciplina",
          "value" : "\"Projeto Integrador\"",
          "start" : 28,
          "end" : 46
        }
      ]
    },
    {
      "text" : "Quero saber a minha nota em Projeto integrador",
      "entities" : [
        {
          "entity" : "intent",
          "value" : "\"getNotas\""
        },
        {
          "entity" : "disciplina",
          "value" : "\"Projeto Integrador\"",
          "start" : 28,
          "end" : 46
        }
      ]
    },
    {
      "text" : "Quero saber minha nota em Projeto Integrador.",
      "entities" : [
        {
          "entity" : "intent",
          "value" : "\"getNotas\""
        },
        {
          "entity" : "disciplina",
          "value" : "\"Projeto Integrador\"",
          "start" : 26,
          "end" : 44
        }
      ]
    },
    {
      "text" : "atividades ano",
      "entities" : [
        {
          "entity" : "intent",
          "value" : "\"getAtividades\""
        },
        {
          "entity" : "intervalo",
          "value" : "\"ano\"",
          "start" : 11,
          "end" : 14
        }
      ]
    },
    {
      "text" : "atividades entregar amanhã",
      "entities" : [
        {
          "entity" : "intent",
          "value" : "\"getAtividades\""
        },
        {
          "entity" : "intervalo",
          "value" : "\"amanhã\"",
          "start" : 20,
          "end" : 26
        }
      ]
    },
    {
      "text" : "atividades entregar essa semana",
      "entities" : [
        {
          "entity" : "intent",
          "value" : "\"getAtividades\""
        },
        {
          "entity" : "intervalo",
          "value" : "\"semana\"",
          "start" : 25,
          "end" : 31
        }
      ]
    },
    {
      "text" : "atividades entregar esse ano",
      "entities" : [
        {
          "entity" : "intent",
          "value" : "\"getAtividades\""
        },
        {
          "entity" : "intervalo",
          "value" : "\"ano\"",
          "start" : 25,
          "end" : 28
        }
      ]
    },
    {
      "text" : "atividades entregar esse mês",
      "entities" : [
        {
          "entity" : "intent",
          "value" : "\"getAtividades\""
        },
        {
          "entity" : "intervalo",
          "value" : "\"mês\"",
          "start" : 25,
          "end" : 28
        }
      ]
    },
    {
      "text" : "atividades entregar hoej",
      "entities" : [
        {
          "entity" : "intent",
          "value" : "\"getAtividades\""
        },
        {
          "entity" : "intervalo",
          "value" : "\"hoej\"",
          "start" : 20,
          "end" : 24
        }
      ]
    },
    {
      "text" : "atividades entregar hoje",
      "entities" : [
        {
          "entity" : "intent",
          "value" : "\"getAtividades\""
        },
        {
          "entity" : "intervalo",
          "value" : "\"hoje\"",
          "start" : 20,
          "end" : 24
        }
      ]
    }
  ]
}