{
  "data" : [
    {
      "name" : "",
      "turns" : [
        {
          "user" : "Quero saber minha nota em Projeto Integrador.",
          "entities" : [
            {
              "entity" : "intent",
              "value" : "\"getNotas\""
            },
            {
              "entity" : "disciplina",
              "value" : "\"Projeto Integrador\"",
              "start" : 26,
              "end" : 44
            }
          ],
          "operations" : [
            {
              "action" : "function-fetchNotas"
            },
            {
              "action" : "template-Sua nota em {disciplina} é {nota}"
            }
          ]
        }
      ]
    },
    {
      "name" : "",
      "turns" : [
        {
          "user" : "Quantas faltas tenho esse mês em Projeto Integrador?",
          "entities" : [
            {
              "entity" : "intent",
              "value" : "\"getFaltas\""
            },
            {
              "entity" : "intervalo",
              "value" : "\"mês\"",
              "start" : 26,
              "end" : 29
            },
            {
              "entity" : "disciplina",
              "value" : "\"Projeto Integrador\"",
              "start" : 33,
              "end" : 51
            }
          ],
          "operations" : [
            {
              "action" : "function-fetchFaltas"
            },
            {
              "action" : "template-Você possui {faltas} faltas em {disciplina} no período de {intervalo}"
            }
          ]
        }
      ]
    },
    {
      "name" : "",
      "turns" : [
        {
          "user" : "Quais as atividades para entregar amanhã?",
          "entities" : [
            {
              "entity" : "intent",
              "value" : "\"getAtividades\""
            },
            {
              "entity" : "intervalo",
              "value" : "\"amanhã\"",
              "start" : 34,
              "end" : 40
            }
          ],
          "operations" : [
            {
              "action" : "function-fetchAtividades"
            },
            {
              "action" : "template-Você possui essas atividades para entregar {intervalo}: {atividades}"
            }
          ]
        }
      ]
    }
  ]
}