{
  "data" : {
    "lookups" : [
      "free-text",
      "keywords"
    ],
    "name" : "disciplina",
    "lang" : "en",
    "exotic" : false,
    "id" : "disciplina",
    "values" : [
      {
        "value" : "Análise e Desenvolvimento",
        "expressions" : [
          "Análise e Desenvolvimento",
          "analise e desenvolvimento"
        ]
      },
      {
        "value" : "Cultura e Sociedade",
        "expressions" : [
          "Cultura e Sociedade"
        ]
      },
      {
        "value" : "Empreendedorismo",
        "expressions" : [
          "Empreendedorismo"
        ]
      },
      {
        "value" : "Empreendedorismo e Marketing",
        "expressions" : [
          "Empreendedorismo e Marketing"
        ]
      },
      {
        "value" : "Marketing",
        "expressions" : [
          "Marketing"
        ]
      },
      {
        "value" : "Projeto Integrador",
        "expressions" : [
          "Projeto Integrador",
          "projeto integrdor"
        ]
      },
      {
        "value" : "todas as disciplinas",
        "expressions" : [
          "todas as disciplinas"
        ]
      }
    ],
    "doc" : "User-defined entity",
    "builtin" : false
  }
}