{
  "data" : {
    "lookups" : [
      "free-text",
      "keywords"
    ],
    "name" : "intervalo",
    "lang" : "en",
    "exotic" : false,
    "id" : "intervalo",
    "values" : [
      {
        "value" : "15 dias",
        "expressions" : [
          "15 dias"
        ]
      },
      {
        "value" : "20 dias",
        "expressions" : [
          "20 dias"
        ]
      },
      {
        "value" : "amanhã",
        "expressions" : [
          "amanhã"
        ]
      },
      {
        "value" : "ano",
        "expressions" : [
          "ano"
        ]
      },
      {
        "value" : "hoej",
        "expressions" : [
          "hoej"
        ]
      },
      {
        "value" : "hoje",
        "expressions" : [
          "hoje"
        ]
      },
      {
        "value" : "mês",
        "expressions" : [
          "mês"
        ]
      },
      {
        "value" : "semana",
        "expressions" : [
          "semana"
        ]
      },
      {
        "value" : "ultimo mês",
        "expressions" : [
          "ultimo mês"
        ]
      },
      {
        "value" : "última semana",
        "expressions" : [
          "última semana"
        ]
      },
      {
        "value" : "último ano",
        "expressions" : [
          "último ano"
        ]
      },
      {
        "value" : "último mÊs",
        "expressions" : [
          "último mÊs"
        ]
      },
      {
        "value" : "últimos 3 meses",
        "expressions" : [
          "últimos 3 meses"
        ]
      }
    ],
    "doc" : "User-defined entity",
    "builtin" : false
  }
}